<profile version="1.0">
  <option name="myName" value="Default" />
  <inspection_tool class="PyPackageRequirementsInspection" enabled="true" level="WARNING" enabled_by_default="true">
    <option name="ignoredPackages">
      <value>
        <list size="33">
          <item index="0" class="java.lang.String" itemvalue="httpx" />
          <item index="1" class="java.lang.String" itemvalue="greenlet" />
          <item index="2" class="java.lang.String" itemvalue="async-timeout" />
          <item index="3" class="java.lang.String" itemvalue="python-dotenv" />
          <item index="4" class="java.lang.String" itemvalue="h11" />
          <item index="5" class="java.lang.String" itemvalue="wcwidth" />
          <item index="6" class="java.lang.String" itemvalue="h2" />
          <item index="7" class="java.lang.String" itemvalue="requests" />
          <item index="8" class="java.lang.String" itemvalue="rfc3986" />
          <item index="9" class="java.lang.String" itemvalue="frozenlist" />
          <item index="10" class="java.lang.String" itemvalue="Pygments" />
          <item index="11" class="java.lang.String" itemvalue="curtsies" />
          <item index="12" class="java.lang.String" itemvalue="certifi" />
          <item index="13" class="java.lang.String" itemvalue="anyio" />
          <item index="14" class="java.lang.String" itemvalue="urllib3" />
          <item index="15" class="java.lang.String" itemvalue="bpython" />
          <item index="16" class="java.lang.String" itemvalue="hyperframe" />
          <item index="17" class="java.lang.String" itemvalue="blessed" />
          <item index="18" class="java.lang.String" itemvalue="hpack" />
          <item index="19" class="java.lang.String" itemvalue="python-telegram-bot" />
          <item index="20" class="java.lang.String" itemvalue="attrs" />
          <item index="21" class="java.lang.String" itemvalue="cwcwidth" />
          <item index="22" class="java.lang.String" itemvalue="tqdm" />
          <item index="23" class="java.lang.String" itemvalue="openai" />
          <item index="24" class="java.lang.String" itemvalue="pyxdg" />
          <item index="25" class="java.lang.String" itemvalue="charset-normalizer" />
          <item index="26" class="java.lang.String" itemvalue="aiohttp" />
          <item index="27" class="java.lang.String" itemvalue="multidict" />
          <item index="28" class="java.lang.String" itemvalue="yarl" />
          <item index="29" class="java.lang.String" itemvalue="aiosignal" />
          <item index="30" class="java.lang.String" itemvalue="httpcore" />
          <item index="31" class="java.lang.String" itemvalue="fastapi" />
          <item index="32" class="java.lang.String" itemvalue="starlette" />
        </list>
      </value>
    </option>
  </inspection_tool>
  <inspection_tool class="PyPep8NamingInspection" enabled="true" level="WEAK WARNING" enabled_by_default="true">
    <option name="ignoredErrors">
      <list>
        <option value="N806" />
      </list>
    </option>
  </inspection_tool>
  <inspection_tool class="PyUnresolvedReferencesInspection" enabled="true" level="WARNING" enabled_by_default="true">
    <option name="ignoredIdentifiers">
      <list>
        <option value="openai" />
      </list>
    </option>
  </inspection_tool>
</profile>