<application>
  <component name="IgnoreSettings" missingGitignore="true" ignoredFileStatus="true" starredTemplates="" unignoreActions="true" notifyIgnoredEditing="true" foldableProjectViewAdvertisePresented="true">
    <languages>
      <language id="Bazaar" NEW_FILE="true" ENABLE="true" />
      <language id="Chef" NEW_FILE="true" ENABLE="false" />
      <language id="CloudFoundry" NEW_FILE="true" ENABLE="false" />
      <language id="Cvs" NEW_FILE="true" ENABLE="true" />
      <language id="Darcs" NEW_FILE="true" ENABLE="true" />
      <language id="DeployHQ" NEW_FILE="true" ENABLE="false" />
      <language id="Docker" NEW_FILE="true" ENABLE="false" />
      <language id="ElasticBeanstalk" NEW_FILE="true" ENABLE="false" />
      <language id="Eleventy" NEW_FILE="true" ENABLE="false" />
      <language id="ESLint" NEW_FILE="true" ENABLE="false" />
      <language id="Floobits" NEW_FILE="true" ENABLE="false" />
      <language id="Fossil" NEW_FILE="true" ENABLE="true" />
      <language id="Git" NEW_FILE="true" ENABLE="false" />
      <language id="Google Cloud" NEW_FILE="true" ENABLE="false" />
      <language id="Kubernetes Helm" NEW_FILE="true" ENABLE="false" />
      <language id="Jetpack" NEW_FILE="true" ENABLE="false" />
      <language id="JSHint" NEW_FILE="true" ENABLE="false" />
      <language id="Mercurial" NEW_FILE="true" ENABLE="false" />
      <language id="Monotone" NEW_FILE="true" ENABLE="true" />
      <language id="Nodemon" NEW_FILE="true" ENABLE="false" />
      <language id="Npm" NEW_FILE="true" ENABLE="false" />
      <language id="NuxtJS" NEW_FILE="true" ENABLE="false" />
      <language id="OpenAPI Generator" NEW_FILE="true" ENABLE="false" />
      <language id="Perforce" NEW_FILE="true" ENABLE="false" />
      <language id="Prettier" NEW_FILE="true" ENABLE="false" />
      <language id="Sourcegraph" NEW_FILE="true" ENABLE="false" />
      <language id="StyleLint" NEW_FILE="true" ENABLE="false" />
      <language id="Stylint" NEW_FILE="true" ENABLE="false" />
      <language id="Swagger Codegen" NEW_FILE="true" ENABLE="false" />
      <language id="Terraform" NEW_FILE="true" ENABLE="false" />
      <language id="Team Foundation" NEW_FILE="true" ENABLE="true" />
      <language id="Tokei" NEW_FILE="true" ENABLE="false" />
      <language id="Up" NEW_FILE="true" ENABLE="false" />
      <language id="Vercel" NEW_FILE="true" ENABLE="false" />
      <language id="Yarn" NEW_FILE="true" ENABLE="false" />
    </languages>
    <userTemplates>
      <template name="Example user template">Byte-compiled / optimized / DLL files
__pycache__/
*.py[cod]
*.class

# C extensions
*.so

# Distribution / packaging
.Python
build/
develop-eggs/
dist/
downloads/
eggs/
.eggs/
lib/
lib64/
parts/
sdist/
var/
wheels/
share/python-wheels/
*.egg-info/
.installed.cfg
*.egg
MANIFEST

# PyInstaller
#  Usually these files are written by a python script from a template
#  before PyInstaller builds the exe, so as to inject date/other infos into it.
*.manifest
*.spec

# Installer logs
pip-log.txt
pip-delete-this-directory.txt

# Unit test / coverage reports
htmlcov/
.tox/
.nox/
.coverage
.coverage.*
.cache
nosetests.xml
coverage.xml
*.cover
*.py,cover
.hypothesis/
.pytest_cache/
cover/

# Translations
*.mo
*.pot

# Django stuff:
*.log
*.log.*
local_settings.py
db.sqlite3
db.sqlite3-journal

# Flask stuff:
instance/
.webassets-cache

# Scrapy stuff:
.scrapy

# Sphinx documentation
docs/_build/

# PyBuilder
.pybuilder/
target/

# Jupyter Notebook
.ipynb_checkpoints

# IPython
profile_default/
ipython_config.py

# pyenv
#   For a library or package, you might want to ignore these files since the code is
#   intended to run in multiple environments; otherwise, check them in:
# .python-version

# pipenv
#   According to pypa/pipenv#598, it is recommended to include Pipfile.lock in version control.
#   However, in case of collaboration, if having platform-specific dependencies or dependencies
#   having no cross-platform support, pipenv may install dependencies that don't work, or not
#   install all needed dependencies.
#Pipfile.lock

# poetry
#   Similar to Pipfile.lock, it is generally recommended to include poetry.lock in version control.
#   This is especially recommended for binary packages to ensure reproducibility, and is more
#   commonly ignored for libraries.
#   https://python-poetry.org/docs/basic-usage/#commit-your-poetrylock-file-to-version-control
#poetry.lock

# pdm
#   Similar to Pipfile.lock, it is generally recommended to include pdm.lock in version control.
#pdm.lock
#   pdm stores project-wide configurations in .pdm.toml, but it is recommended to not include it
#   in version control.
#   https://pdm.fming.dev/#use-with-ide
.pdm.toml

# PEP 582; used by e.g. github.com/David-OConnor/pyflow and github.com/pdm-project/pdm
__pypackages__/

# Celery stuff
celerybeat-schedule
celerybeat.pid

# SageMath parsed files
*.sage.py

# Environments
.env
.venv
env/
venv/
ENV/
env.bak/
venv.bak/
env*
venv*

# Spyder project settings
.spyderproject
.spyproject

# Rope project settings
.ropeproject

# mkdocs documentation
/site

# mypy
.mypy_cache/
.dmypy.json
dmypy.json

# Pyre type checker
.pyre/

# pytype static type analyzer
.pytype/

# Cython debug symbols
cython_debug/

#Working ignore
*.txt
*.csv
*.xlsx
REVERSE/*
/.idea/*
*.db</template>
      <template name="StartTemplate">Byte-compiled / optimized / DLL files
__pycache__/
*.py[cod]
*.class

# C extensions
*.so

# Distribution / packaging
.Python
build/
develop-eggs/
dist/
downloads/
eggs/
.eggs/
lib/
lib64/
parts/
sdist/
var/
wheels/
share/python-wheels/
*.egg-info/
.installed.cfg
*.egg
MANIFEST

# PyInstaller
#  Usually these files are written by a python script from a template
#  before PyInstaller builds the exe, so as to inject date/other infos into it.
*.manifest
*.spec

# Installer logs
pip-log.txt
pip-delete-this-directory.txt

# Unit test / coverage reports
htmlcov/
.tox/
.nox/
.coverage
.coverage.*
.cache
nosetests.xml
coverage.xml
*.cover
*.py,cover
.hypothesis/
.pytest_cache/
cover/

# Translations
*.mo
*.pot

# Django stuff:
*.log
*.log.*
local_settings.py
db.sqlite3
db.sqlite3-journal

# Flask stuff:
instance/
.webassets-cache

# Scrapy stuff:
.scrapy

# Sphinx documentation
docs/_build/

# PyBuilder
.pybuilder/
target/

# Jupyter Notebook
.ipynb_checkpoints

# IPython
profile_default/
ipython_config.py

# pyenv
#   For a library or package, you might want to ignore these files since the code is
#   intended to run in multiple environments; otherwise, check them in:
# .python-version

# pipenv
#   According to pypa/pipenv#598, it is recommended to include Pipfile.lock in version control.
#   However, in case of collaboration, if having platform-specific dependencies or dependencies
#   having no cross-platform support, pipenv may install dependencies that don't work, or not
#   install all needed dependencies.
#Pipfile.lock

# poetry
#   Similar to Pipfile.lock, it is generally recommended to include poetry.lock in version control.
#   This is especially recommended for binary packages to ensure reproducibility, and is more
#   commonly ignored for libraries.
#   https://python-poetry.org/docs/basic-usage/#commit-your-poetrylock-file-to-version-control
#poetry.lock

# pdm
#   Similar to Pipfile.lock, it is generally recommended to include pdm.lock in version control.
#pdm.lock
#   pdm stores project-wide configurations in .pdm.toml, but it is recommended to not include it
#   in version control.
#   https://pdm.fming.dev/#use-with-ide
.pdm.toml

# PEP 582; used by e.g. github.com/David-OConnor/pyflow and github.com/pdm-project/pdm
__pypackages__/

# Celery stuff
celerybeat-schedule
celerybeat.pid

# SageMath parsed files
*.sage.py

# Environments
.env
.venv
env/
venv/
ENV/
env.bak/
venv.bak/
env*
venv*

# Spyder project settings
.spyderproject
.spyproject

# Rope project settings
.ropeproject

# mkdocs documentation
/site

# mypy
.mypy_cache/
.dmypy.json
dmypy.json

# Pyre type checker
.pyre/

# pytype static type analyzer
.pytype/

# Cython debug symbols
cython_debug/

#Working ignore
*.txt
*.csv
*.xlsx
REVERSE/*
/.idea/*
*.db</template>
    </userTemplates>
  </component>
</application>