<application>
  <component name="MaterialThemeNewConfig">
    <option name="accentState">
      <MTAccentConfigState>
        <option name="accentColorHex" value="009688" />
      </MTAccentConfigState>
    </option>
    <option name="metadata">
      <MTMetadataState>
        <option name="migrated" value="true" />
        <option name="userId" value="25476c0e:18a83428819:-8000" />
        <option name="version" value="9.3.1" />
        <option name="wizardShown" value="true" />
      </MTMetadataState>
    </option>
  </component>
</application>