<application>
  <component name="MaterialThemeConfig">
    <option name="isWizardShown" value="true" />
    <option name="pristineConfig" value="false" />
    <option name="treeFontSizeEnabled" value="true" />
    <option name="tabFontSizeEnabled" value="true" />
    <option name="indicatorStyle" value="None" />
    <option name="accentColor" value="2979ff" />
    <option name="secondAccentColor" />
    <option name="highlightColor" />
    <option name="focusColor" />
    <option name="selectedTheme" value="ONE_DARK" />
    <option name="userId" value="25476c0e:18a83428819:-8000" />
    <option name="version" value="8.13.2" />
    <option name="tabHighlightPosition" value="Bottom" />
  </component>
</application>