<application>
  <component name="PostfixTemplates">
    <template id="com.jetbrains.python.codeInsight.postfix.PyMainPostfixTemplate#.main" key=".ifmain" provider="builtin.python" builtin="com.jetbrains.python.codeInsight.postfix.PyMainPostfixTemplate#.main" />
    <template id="cl@userDefined" key=".cl" provider="builtin.python" topmost="false">
      <conditions />
      <template name="fakeKey" value="class Class:&#10;&#10;    def __init__(self,):&#10;        pass" toReformat="true" toShortenFQNames="true" />
    </template>
    <template id="init@userDefined" key=".init" provider="builtin.python" topmost="false">
      <conditions />
      <template name="fakeKey" value="def __init__(self,):&#10;    pass&#10;" toReformat="true" toShortenFQNames="true" />
    </template>
  </component>
</application>