<application>
  <component name="RainbowSettings">
    <option name="enableRainbowVariables" value="true" />
    <option name="indentGuidesOptions" value="Only selected indent guide" />
    <option name="rainbowifyPythonKeywords" value="true" />
    <option name="suppressAdvancedIndentGuidesBanner" value="true" />
    <option name="suppressBigFileCheck" value="true" />
    <option name="suppressXMLCheck" value="true" />
    <option name="version" value="2024.2.4-241" />
  </component>
</application>