<application>
  <component name="SonarLintGlobalSettings">
    <option name="rulesByKey">
      <map>
        <entry key="python:S100">
          <value>
            <Rule active="false" key="python:S100" />
          </value>
        </entry>
        <entry key="python:S5722">
          <value>
            <Rule active="false" key="python:S5722" />
          </value>
        </entry>
      </map>
    </option>
    <option name="secretsNeverBeenAnalysed" value="false" />
    <rules>
      <Rule active="false" key="python:S100" />
      <Rule active="false" key="python:S5722" />
    </rules>
  </component>
</application>