<keymap version="1" name="Windows copy" parent="$default">
  <action id="ActivateCodeiumChatToolWindow">
    <keyboard-shortcut first-keystroke="alt i" />
  </action>
  <action id="ActivatePythonConsoleToolWindow">
    <keyboard-shortcut first-keystroke="alt 4" />
  </action>
  <action id="ActivateRunToolWindow" />
  <action id="ActivateVersionControlToolWindow" />
  <action id="CollapseExpandableComponent">
    <keyboard-shortcut first-keystroke="ctrl subtract" />
    <keyboard-shortcut first-keystroke="ctrl minus" />
  </action>
  <action id="EditorStartNewLine" />
  <action id="ExpandExpandableComponent">
    <keyboard-shortcut first-keystroke="ctrl add" />
    <keyboard-shortcut first-keystroke="ctrl equals" />
  </action>
  <action id="Git.Ignore.File">
    <keyboard-shortcut first-keystroke="alt slash" />
  </action>
  <action id="HippieCompletion" />
  <action id="OpenInRightSplit">
    <mouse-shortcut keystroke="alt button1 doubleClick" />
  </action>
  <action id="RunClass">
    <keyboard-shortcut first-keystroke="shift ctrl f10" />
    <keyboard-shortcut first-keystroke="alt 9" />
  </action>
  <action id="SplitVertically">
    <keyboard-shortcut first-keystroke="shift enter" />
  </action>
  <action id="codeium.a">
    <keyboard-shortcut first-keystroke="close_bracket" second-keystroke="ctrl tab" />
  </action>
  <action id="codeium.ak">
    <keyboard-shortcut first-keystroke="alt p" />
  </action>
  <action id="com.codeium.intellij.AcceptCompletionAction">
    <keyboard-shortcut first-keystroke="alt p" />
  </action>
</keymap>